{"cameraMode":{"drawMode":0,"name":"Shaded","section":"Shading Mode"},"sceneLighting":true,"audioPlay":false,"sceneViewState":{"showFog":true,"showMaterialUpdate":false,"showSkybox":true,"showFlares":true,"showImageEffects":true,"showParticleSystems":true,"showVisualEffectGraphs":true,"m_FxEnabled":true},"in2DMode":false,"pivot":{"x":63.144935607910159,"y":-8.604296684265137,"z":97.03687286376953},"rotation":{"x":0.20801351964473725,"y":0.08408070355653763,"z":-0.017840204760432245,"w":0.9744179248809815},"size":16.76042366027832,"orthographic":false}