{"cameraMode":{"drawMode":0,"name":"Shaded","section":"Shading Mode"},"sceneLighting":true,"audioPlay":false,"sceneViewState":{"showFog":true,"showMaterialUpdate":false,"showSkybox":true,"showFlares":true,"showImageEffects":true,"showParticleSystems":true,"showVisualEffectGraphs":true,"m_FxEnabled":true},"in2DMode":false,"pivot":{"x":-3.1015279293060304,"y":3.3710196018218996,"z":-0.2956125736236572},"rotation":{"x":0.16851761937141419,"y":0.38967397809028628,"z":-0.07284461706876755,"w":0.9025084972381592},"size":1.2247449159622193,"orthographic":false}